day,value
1,20293.31636
2,20214.68908
3,18201.20933
4,18784.61226
5,17622.68205
6,16870.08717
7,17717.66888
